,0,1,2,3,4,5,6,7,8,9,10,11,12,13,14,15,16,17,18,19,20,21,22,23,24,25,26,27,28,29,30,31,32,33,34,35,36,37,38,39,40,41,42,43,44,45,46,47,48,49,50,51,52,53,54,55,56,57,58,59,60,61,62,63,64,65,66,67,68,69,70,71,72,73,74,75,76,77,78,79,80,81,82,83,84,85,86,87,88,89,90,91,92,93,94,95,96,97,98,99
0,0.111178471,0.109346433,0.107930644,0.106881868,0.106150868,0.105688408,0.105445253,0.105372164,0.105419907,0.105539244,0.10568094,0.105806784,0.106058131,0.106722422,0.108091343,0.110456577,0.114107593,0.119229218,0.125858527,0.134021436,0.143743863,0.155050501,0.167488982,0.179407901,0.188970457,0.194339852,0.193679284,0.185709305,0.171761838,0.153932968,0.134318871,0.115015725,0.097959167,0.083624449,0.071707284,0.061896069,0.053879204,0.047346505,0.042016716,0.037635591,0.033949913,0.03070647,0.027653924,0.024669166,0.021837404,0.019262928,0.017050032,0.015302958,0.014068537,0.013225617,0.012622484,0.012107425,0.011528725,0.010765247,0.009863919,0.00892911,0.008065237,0.007376715,0.006958282,0.006799004,0.006822901,0.006953043,0.007112498,0.007225623,0.007250387,0.007180759,0.007012476,0.006741273,0.006363069,0.005893287,0.005383891,0.00489086,0.004470175,0.004177812,0.004049511,0.004051853,0.004136657,0.004255745,0.004360936,0.004410099,0.004400228,0.004343883,0.004253664,0.004142172,0.004021679,0.003900136,0.003782434,0.003673399,0.003577855,0.003500492,0.003441341,0.003394702,0.003354525,0.003314759,0.003269354,0.003212259,0.003137424,0.003038798,0.00291033,0.002745971
1,0.16421816,0.161507083,0.159408693,0.157850665,0.156760673,0.15606639,0.155695492,0.155575652,0.155634543,0.155799841,0.155999219,0.156176551,0.156539546,0.157510559,0.159518176,0.162990985,0.16835439,0.175883496,0.185641191,0.197674335,0.212029786,0.228752587,0.247178273,0.264859122,0.279071687,0.287092518,0.28619817,0.27449005,0.253934311,0.22762803,0.198668424,0.170152711,0.144941208,0.12373924,0.106101812,0.091573138,0.079697432,0.070020851,0.062129169,0.055645149,0.050192968,0.045396807,0.040883626,0.036470506,0.032283391,0.02847652,0.025204132,0.022620396,0.020794599,0.019547686,0.018655415,0.017893545,0.017037836,0.015909233,0.014577045,0.013195461,0.011918744,0.010901157,0.010282663,0.010047119,0.010082292,0.010274543,0.010510233,0.010677625,0.010714612,0.010612249,0.010364197,0.009964118,0.009405943,0.008712411,0.007960225,0.007232019,0.00661043,0.006178088,0.00598777,0.005990222,0.006114416,0.006289322,0.00644391,0.006516068,0.006501335,0.006418194,0.006285184,0.006120846,0.005943239,0.00576409,0.005590635,0.005430015,0.005289373,0.005175649,0.005088887,0.005020645,0.004961965,0.004903886,0.004837449,0.004753692,0.004643657,0.004498383,0.004308909,0.004066277
2,0.67481679,0.66334294,0.654120893,0.646900572,0.641431896,0.637464788,0.634749168,0.633034958,0.632072079,0.631610452,0.631399998,0.631247579,0.631887349,0.634807882,0.641519656,0.653533149,0.672355425,0.69933233,0.735582074,0.782205677,0.840304156,0.910969844,0.991904656,1.072289098,1.139986108,1.182858625,1.188769588,1.14907596,1.071505456,0.968576295,0.852807294,0.736717271,0.631911731,0.541688173,0.464909337,0.400396361,0.346970383,0.303437875,0.268306338,0.239804139,0.216148954,0.19555846,0.176263153,0.157369597,0.139407567,0.123037231,0.108918757,0.097712004,0.089718453,0.084190985,0.080191699,0.076782697,0.073026079,0.068171713,0.062501511,0.056650104,0.051252426,0.046943415,0.044299014,0.043251288,0.043335963,0.044082961,0.045022207,0.04569143,0.045832229,0.045404558,0.044379078,0.042726454,0.040418463,0.03754581,0.034421986,0.031384977,0.028772768,0.026923328,0.026053411,0.025965539,0.026373821,0.026992368,0.027535291,0.027752786,0.027628444,0.027238712,0.026660278,0.025969829,0.025241967,0.024523687,0.023842428,0.023225218,0.022699084,0.022290226,0.021996342,0.0217801,0.021602018,0.02142261,0.021202394,0.020901887,0.020481604,0.019902062,0.019123779,0.018107269
3,0.736962811,0.724408128,0.714254519,0.706238707,0.700097417,0.695567374,0.692385304,0.69028793,0.689011978,0.688294173,0.687871239,0.68754016,0.688079259,0.691065251,0.698098029,0.710777488,0.730701645,0.759379836,0.798196184,0.848525355,0.911742016,0.989211138,1.078512845,1.16771451,1.24341266,1.292203823,1.300684526,1.259273216,1.176295412,1.065316702,0.93990333,0.813621538,0.699059138,0.599903553,0.515091246,0.443514107,0.384064027,0.335611172,0.296582761,0.264992455,0.238838082,0.216117466,0.194842761,0.174005241,0.154186815,0.136115121,0.120517797,0.10812214,0.099261528,0.093116734,0.088658833,0.084858896,0.080687999,0.075322919,0.069071082,0.062626326,0.056682825,0.051934754,0.049011778,0.047839469,0.047909989,0.048709156,0.049722791,0.050445228,0.050593157,0.050121421,0.048996548,0.047185063,0.044654717,0.041503827,0.038075302,0.034738944,0.031864554,0.029821914,0.028848423,0.028729067,0.029152275,0.029806477,0.030380102,0.030600921,0.030451164,0.0300143,0.029374057,0.028614164,0.027816066,0.027030967,0.026288654,0.025618463,0.025049728,0.024610873,0.024299009,0.024072759,0.023888378,0.023702125,0.023470258,0.023149034,0.02269471,0.022063545,0.021211795,0.020095719
4,0.800369735,0.786721795,0.775612427,0.766767219,0.759911759,0.754771634,0.751072434,0.748539744,0.746899154,0.745876252,0.745196624,0.744649076,0.745051936,0.748061122,0.755356872,0.768619421,0.789529082,0.819769632,0.861029747,0.914998475,0.98336486,1.067807188,1.165802882,1.264271015,1.348498142,1.403770819,1.415375602,1.37275111,1.284789867,1.166077111,1.031198791,0.894740857,0.770251433,0.661837994,0.568568663,0.489464287,0.423545714,0.369803094,0.326600699,0.291718461,0.262913932,0.237944663,0.214584167,0.191696698,0.169918473,0.150048053,0.132883998,0.119224495,0.10943673,0.102626785,0.0976713,0.093446915,0.08883027,0.082922248,0.076056267,0.068986978,0.062469402,0.057258555,0.054039274,0.052730352,0.052779045,0.053625706,0.054710691,0.055483592,0.055635289,0.055115091,0.053884984,0.051906952,0.04914432,0.045703084,0.041956524,0.038307304,0.035158086,0.032911515,0.031826329,0.03166949,0.032102999,0.032788858,0.033389068,0.033608346,0.033427674,0.03293795,0.032230354,0.031396066,0.030523763,0.029668982,0.028863784,0.028139736,0.027528406,0.027060365,0.026731978,0.02649756,0.026308847,0.026117572,0.02587547,0.025534274,0.025045718,0.024361538,0.023433466,0.022213237
5,0.865018861,0.850272359,0.838188282,0.828483359,0.820874317,0.815077882,0.810810782,0.807789744,0.805731495,0.804352763,0.803370274,0.802566544,0.802795482,0.805782654,0.813278933,0.827035192,0.848804755,0.880456773,0.924023936,0.981551284,1.055083859,1.146654823,1.253660139,1.36184074,1.455135473,1.517483187,1.532822729,1.489574482,1.397156423,1.271130963,1.127061283,0.980510565,0.84595222,0.727946486,0.625762025,0.538617853,0.465732989,0.406284545,0.358595289,0.320190329,0.28856423,0.261211553,0.235644595,0.210587497,0.1867331,0.164954618,0.14612526,0.131117832,0.120335366,0.112806349,0.107309185,0.10262228,0.09752404,0.09103631,0.083518981,0.075789242,0.068664675,0.062962867,0.059425388,0.057964129,0.057980272,0.058867522,0.060019585,0.060840139,0.060993199,0.060421629,0.059081966,0.056930748,0.053925971,0.050181135,0.046101051,0.042122557,0.038682488,0.036217664,0.035009126,0.034805585,0.035242135,0.035953871,0.036575885,0.036789397,0.036573945,0.036027756,0.035249363,0.034337298,0.033387386,0.032459586,0.031588457,0.030808022,0.030152303,0.029654237,0.029309441,0.029067654,0.0288758,0.028680802,0.028429585,0.028069071,0.027546184,0.026807847,0.025800984,0.024472518
6,0.930862174,0.915019968,0.901948711,0.891358707,0.882960259,0.87646367,0.871579244,0.868017283,0.86548809,0.863701969,0.862369223,0.861268107,0.86128351,0.864200647,0.871830873,0.885985544,0.908481275,0.941383192,0.987107303,1.048096118,1.126792147,1.225624855,1.341932115,1.4602547,1.563154715,1.633194265,1.652935453,1.609746922,1.513517662,1.380726698,1.227853877,1.071379049,0.926649837,0.798714517,0.687123642,0.591376191,0.510971139,0.445351756,0.392825432,0.350639059,0.315998918,0.286111287,0.258202106,0.230840786,0.204779283,0.180969512,0.160363387,0.143912382,0.132057619,0.12374694,0.117656505,0.112462474,0.106841009,0.099731595,0.091521078,0.083090958,0.075323166,0.069099629,0.065220261,0.063589761,0.063561777,0.064481893,0.065695695,0.06655948,0.066709297,0.066080828,0.064624455,0.062290554,0.059031092,0.054967054,0.050536072,0.046210583,0.042463028,0.039765823,0.038423279,0.038165229,0.038598893,0.039331493,0.039970249,0.040172057,0.039915099,0.039305381,0.038449242,0.037453017,0.036420107,0.035415066,0.034474929,0.033636151,0.032935186,0.03240731,0.032047231,0.031799791,0.03160677,0.031409949,0.031151108,0.030772027,0.030214487,0.029420269,0.028331152,0.026888917
7,0.99781701,0.980892696,0.966830621,0.955337257,0.946119077,0.938882554,0.93333416,0.929180369,0.926127654,0.923882486,0.92215134,0.920710384,0.92047082,0.92326728,0.930961207,0.945414044,0.968495725,1.002477254,1.050195926,1.114531806,1.198364958,1.304561203,1.43042571,1.559287632,1.672315173,1.750676534,1.775539919,1.733195898,1.633935171,1.495071494,1.3339195,1.167793825,1.012846239,0.874650453,0.753133682,0.648170171,0.559634163,0.487327401,0.429573386,0.383315475,0.345444172,0.31284998,0.282445155,0.252628442,0.224213469,0.19823511,0.175728238,0.157727247,0.144713657,0.135551271,0.128809575,0.123058054,0.116866194,0.109087451,0.100136125,0.090959955,0.08250714,0.075725882,0.071476184,0.069655402,0.069568328,0.070511082,0.071779784,0.072682016,0.072824587,0.072134806,0.070555701,0.068030301,0.064503354,0.060103084,0.05530143,0.050608116,0.046532867,0.043585385,0.042094465,0.041770685,0.042192678,0.042939075,0.043588508,0.043772905,0.043468896,0.042790256,0.041851111,0.040765589,0.039644666,0.038557627,0.037544226,0.036643591,0.035894853,0.035335859,0.034960386,0.034708035,0.034515081,0.034317801,0.034052469,0.033655361,0.033062751,0.032210916,0.031036131,0.029474671
8,1.065765778,1.047785009,1.032738846,1.020332613,1.010271636,1.002261241,0.996006755,0.991213502,0.987586808,0.984832,0.982654403,0.980830361,0.980292794,0.982915579,0.990599912,1.00524699,1.028770124,1.063654989,1.113195402,1.180746216,1.269662285,1.383282989,1.518908023,1.658657061,1.782302668,1.869617407,1.900373841,1.859767852,1.758405501,1.614328521,1.445579577,1.270201334,1.105057411,0.956286156,0.824300847,0.709461051,0.612126336,0.532563579,0.469149822,0.418497676,0.377152183,0.341658385,0.308585347,0.276143878,0.245211882,0.216911618,0.192365345,0.172694803,0.158424298,0.148330048,0.140870228,0.134503015,0.127686583,0.119184517,0.109439058,0.099466148,0.09028223,0.082903745,0.078252571,0.076218419,0.07605565,0.077009326,0.078324512,0.079258482,0.079387463,0.078629297,0.076918581,0.074189911,0.070379751,0.065623437,0.060428872,0.055344916,0.05092043,0.047704248,0.04605092,0.045651042,0.046053507,0.046807206,0.047461031,0.047620946,0.047262038,0.046506255,0.045475922,0.044293364,0.04307753,0.04190265,0.04081129,0.039845341,0.039046697,0.038455863,0.038065551,0.037809728,0.037618753,0.037422986,0.037152787,0.036738515,0.036110529,0.03519919,0.033934856,0.032247888
9,1.134552511,1.115555049,1.099543983,1.086226224,1.075308679,1.06649826,1.059501874,1.054026431,1.049778841,1.046466014,1.043794858,1.041544213,1.040664336,1.043058519,1.050657721,1.065392902,1.089211121,1.124819955,1.176000783,1.246616087,1.340528347,1.461583335,1.607104104,1.758019644,1.892724122,1.989611701,2.027076549,1.989215561,1.886844961,1.738599738,1.56311586,1.379029291,1.203798102,1.044165526,0.901155292,0.775737477,0.668882152,0.581442718,0.511893702,0.456488618,0.411395927,0.372784087,0.336848041,0.301592433,0.267961866,0.237170295,0.210431675,0.188959405,0.173322823,0.162206768,0.153953216,0.146904145,0.13940153,0.130115015,0.119515235,0.10868834,0.098721011,0.090699932,0.085610672,0.083335156,0.083075954,0.084025695,0.085377008,0.086335487,0.086445254,0.085613021,0.083763284,0.080820538,0.076711302,0.07157761,0.065965249,0.060464388,0.055665197,0.052157821,0.050324127,0.049834233,0.050206347,0.050958679,0.051609435,0.051737766,0.051316954,0.050477096,0.049348691,0.048062238,0.046744646,0.045475295,0.044299903,0.043263475,0.042411018,0.041786031,0.041380154,0.041121286,0.040933409,0.040740507,0.040466564,0.040035563,0.039371488,0.038398322,0.037040048,0.035220651
10,1.203983504,1.184024096,1.167081067,1.152865586,1.141088819,1.131461937,1.123696106,1.117502495,1.112592272,1.108676604,1.105466661,1.102746067,1.101478432,1.103587374,1.111024381,1.12574094,1.149708922,1.185862997,1.238497255,1.312008457,1.410793365,1.539230804,1.694697266,1.856969738,2.003103997,2.110155821,2.155180987,2.121188264,2.019078307,1.867913662,1.686757889,1.494674555,1.309570888,1.138835444,0.98424199,0.847511614,0.730365406,0.634379603,0.55817708,0.497623325,0.448478233,0.406501697,0.36748274,0.329201,0.292669977,0.259199446,0.230099187,0.206678375,0.189553452,0.177313922,0.168180512,0.160373953,0.152114973,0.141975074,0.130453748,0.118709408,0.107901038,0.099187621,0.093620278,0.091072817,0.090694345,0.091623364,0.092998377,0.093971605,0.09405348,0.093138113,0.091138427,0.087967349,0.083539994,0.078004838,0.071947534,0.066001795,0.060801333,0.056979834,0.054948025,0.054354729,0.054686148,0.055428488,0.056067953,0.056155729,0.055663274,0.05472926,0.053492789,0.05209296,0.050665058,0.049293847,0.048028309,0.046916668,0.04600715,0.045346348,0.044924695,0.044663593,0.044480206,0.044291698,0.044015231,0.043567969,0.042867076,0.041829715,0.04037305,0.038414243
11,1.273824945,1.252975067,1.235148698,1.220063814,1.207438394,1.196990417,1.188437861,1.181498705,1.175890926,1.171332504,1.167541417,1.164308281,1.162606666,1.16437256,1.171569893,1.186162595,1.21013948,1.246664981,1.30056343,1.376784525,1.480277966,1.615974315,1.781334404,1.955044798,2.112889214,2.23065137,2.284114982,2.255229431,2.154832425,2.002215145,1.816669828,1.617488709,1.42285286,1.240835536,1.074114516,0.92531696,0.797070028,0.691823321,0.608406161,0.542267827,0.48872816,0.443106999,0.400756144,0.359211464,0.319556962,0.283201715,0.251554798,0.226024643,0.207276333,0.19379992,0.183689738,0.175040121,0.165945402,0.154874647,0.142356597,0.129623919,0.117909891,0.10844779,0.102356099,0.099500345,0.098974792,0.099862417,0.101246199,0.102223573,0.102269495,0.101263276,0.099104059,0.095690987,0.090925575,0.084962148,0.078428648,0.07200508,0.06637145,0.062207734,0.059955505,0.059241628,0.059519088,0.060240868,0.060859951,0.060898463,0.060325698,0.059288867,0.057935639,0.056413679,0.054866635,0.053384907,0.052021188,0.05082737,0.049855346,0.049155243,0.048716298,0.048452913,0.04827489,0.048092036,0.047814155,0.047351051,0.04661253,0.045508394,0.04394845,0.041842502
12,0.217684258,0.21408165,0.211287203,0.209205785,0.207742265,0.206801511,0.206288391,0.206107773,0.206164526,0.206363519,0.20660962,0.206829013,0.207295034,0.208563449,0.211198226,0.215763331,0.222818681,0.232732792,0.245603942,0.261509999,0.28052883,0.302735869,0.327257226,0.350832994,0.369834345,0.380632449,0.379598478,0.364199826,0.337040081,0.302225815,0.263863786,0.226060754,0.192609951,0.164452583,0.141007467,0.121679138,0.10587213,0.092993258,0.082495822,0.073876523,0.066633724,0.060265787,0.054274785,0.048416173,0.042857049,0.037802224,0.033456508,0.030024613,0.027598626,0.025941089,0.02475459,0.023741716,0.022605051,0.021107099,0.019339673,0.017507138,0.015813952,0.014464577,0.013644511,0.013332286,0.013379032,0.013634018,0.01394651,0.014168298,0.01421706,0.014081045,0.013751961,0.013221518,0.012481782,0.011562912,0.010566432,0.009601709,0.008778112,0.008205003,0.007952224,0.007954558,0.008117961,0.00834839,0.008551803,0.008645971,0.008625091,0.008513765,0.008336672,0.008118491,0.007883258,0.007646488,0.00741766,0.007206125,0.007021234,0.006872074,0.006758622,0.006669656,0.00659327,0.006517553,0.006430599,0.006320498,0.006175343,0.005983225,0.005732236,0.005410467
13,0.27170681,0.267196802,0.263688952,0.261065725,0.25920959,0.258003014,0.257328464,0.257068407,0.257105311,0.257321643,0.257599871,0.257848812,0.258406421,0.259959787,0.263206134,0.268842689,0.277561883,0.289829802,0.30579294,0.325573653,0.349294298,0.37707416,0.407833663,0.437480038,0.461454623,0.475198753,0.474153765,0.455133513,0.421382587,0.378027372,0.330194494,0.283010575,0.241211833,0.205983141,0.17661369,0.152374885,0.132538133,0.116377193,0.103213816,0.092414554,0.08334768,0.075381463,0.067888835,0.060561213,0.053607416,0.047283663,0.041846175,0.037551051,0.034513599,0.032437183,0.030950218,0.029681121,0.028258306,0.026385016,0.024175777,0.021885677,0.019769926,0.018083734,0.017058641,0.016667841,0.016725502,0.017043463,0.017433565,0.017710796,0.017772338,0.017603412,0.017193555,0.016532306,0.015609647,0.014463121,0.013219363,0.012014804,0.010985873,0.010268994,0.009951325,0.009951672,0.010152908,0.010437904,0.010689535,0.010805388,0.010778235,0.010638716,0.010417568,0.010145529,0.009852534,0.009557905,0.009273447,0.009010804,0.008781622,0.008597215,0.008457507,0.008348422,0.008255024,0.008162375,0.008055539,0.007919581,0.007739563,0.007500549,0.007187603,0.006785789
14,0.326409868,0.320973595,0.316731416,0.313543929,0.311271731,0.30977542,0.308915592,0.308552845,0.308547777,0.308760984,0.309053064,0.309315894,0.309950744,0.311773314,0.315611337,0.322292544,0.332639301,0.347220413,0.366246673,0.389901836,0.418369655,0.451830144,0.489002961,0.524937333,0.554114975,0.5710176,0.570126921,0.547579295,0.507263673,0.455337615,0.397958965,0.341285566,0.291007837,0.248564214,0.213123462,0.183833049,0.159840446,0.140295189,0.12438899,0.111352935,0.100419616,0.090821627,0.081797209,0.072970573,0.064592955,0.05697304,0.050419511,0.045240907,0.041576328,0.039069109,0.037272387,0.035739298,0.034022978,0.031766508,0.029107339,0.026351881,0.023806689,0.021778321,0.020544892,0.020074091,0.020142526,0.020524006,0.020992342,0.021325129,0.021398795,0.021195627,0.020703101,0.019908696,0.018800424,0.017423341,0.015929363,0.014482156,0.013245382,0.012382699,0.011998681,0.011995989,0.012234191,0.012572858,0.012871556,0.013007518,0.012972206,0.012802533,0.012535529,0.012208222,0.011856668,0.011504017,0.011164282,0.010851282,0.010578837,0.010360368,0.010195649,0.010067671,0.009958399,0.009849795,0.009723822,0.009562443,0.009347621,0.009061319,0.0086855,0.008202127
15,0.381911601,0.375527811,0.370527225,0.36674926,0.364033328,0.362218844,0.361145222,0.360651878,0.360578225,0.360763677,0.36104765,0.36130563,0.362000568,0.364073356,0.368478766,0.376171566,0.388100783,0.404944091,0.426996031,0.454522207,0.487788225,0.527055241,0.570848392,0.613329542,0.647985909,0.668304713,0.667773174,0.641821882,0.594986823,0.534468456,0.46746757,0.401184957,0.342276992,0.292447729,0.250757709,0.216242671,0.187938356,0.164881825,0.146137064,0.1307932,0.117940322,0.106668518,0.096074554,0.08571156,0.075874051,0.066924463,0.059225237,0.053138638,0.048828227,0.045876161,0.043758816,0.041952568,0.039933794,0.037284202,0.034164447,0.030933048,0.027948697,0.025570084,0.024122617,0.023568447,0.023646117,0.024090897,0.024638058,0.025027298,0.025113888,0.024876891,0.024301442,0.023372674,0.022076348,0.02046499,0.018716201,0.017021333,0.015571737,0.014558755,0.014104718,0.01409611,0.014369082,0.014759783,0.015104362,0.015259581,0.015215503,0.015015229,0.014701996,0.01431904,0.013908459,0.013497258,0.013101755,0.012738042,0.01242221,0.012169886,0.011980697,0.011834606,0.011710368,0.011586737,0.011442469,0.011256317,0.011007037,0.010673384,0.010234112,0.009667976
16,0.438320921,0.430966464,0.425180693,0.420782678,0.417591491,0.415426203,0.414105885,0.413449607,0.413276442,0.41340546,0.413655732,0.413887033,0.414622014,0.416922625,0.421866473,0.430531165,0.443988423,0.463031896,0.488062619,0.519451969,0.557571326,0.602786876,0.653436925,0.702762967,0.743218429,0.767256739,0.767331328,0.73813484,0.684851455,0.615735446,0.539041469,0.463024181,0.395317176,0.33790452,0.289754599,0.249807508,0.217003342,0.190282173,0.168583619,0.15084687,0.136011102,0.123015492,0.110806974,0.098862815,0.087521832,0.077201773,0.068320388,0.061295229,0.056315161,0.052899919,0.050447499,0.048355895,0.046023104,0.042968135,0.039375138,0.035655588,0.032221157,0.029483514,0.027816123,0.027175403,0.027261066,0.027769062,0.028395346,0.028840951,0.028939594,0.028667108,0.028006292,0.02693995,0.025451602,0.023601365,0.021592855,0.019645465,0.017978584,0.016811594,0.016284803,0.016268297,0.01657449,0.017015795,0.017404625,0.017577012,0.017521732,0.017288335,0.016926527,0.016486015,0.016015183,0.015544929,0.015093769,0.014679955,0.014321739,0.01403684,0.013824629,0.013661923,0.013524153,0.013386753,0.013225154,0.013014788,0.012731087,0.012349483,0.011845409,0.011194297
17,0.495737441,0.487388246,0.480788538,0.47573807,0.472036599,0.469483879,0.467879665,0.467023713,0.466715777,0.466755613,0.466942975,0.467122759,0.467874963,0.47037765,0.475826248,0.485416181,0.50033712,0.521506725,0.549458605,0.584697359,0.627727588,0.679047903,0.736819085,0.793326063,0.839945248,0.868053055,0.869025897,0.836782669,0.777154708,0.699459239,0.613013921,0.527136415,0.450447428,0.385227796,0.330374177,0.284751477,0.247224607,0.216656369,0.191866693,0.171635471,0.154741066,0.139961838,0.126085054,0.112506478,0.099610414,0.087871733,0.077765308,0.069765785,0.064088291,0.060188599,0.057384331,0.054993106,0.052332544,0.048857325,0.044775462,0.040552431,0.036653933,0.033545668,0.031650103,0.030917834,0.031008994,0.031579467,0.032285136,0.032787626,0.032898559,0.032590206,0.03184272,0.030636254,0.028951773,0.026856974,0.024582033,0.022374988,0.020483875,0.019156722,0.018552259,0.018524059,0.018860567,0.019350228,0.019781487,0.019969434,0.019901486,0.019633627,0.019222016,0.018722812,0.018190675,0.017660436,0.017152882,0.016688502,0.016287785,0.015970616,0.015736087,0.015557737,0.015407533,0.015257441,0.01507943,0.014845467,0.014527518,0.014097553,0.013527537,0.01278944
18,0.554247196,0.544878992,0.537435299,0.531697765,0.527448041,0.524467776,0.522538621,0.521442224,0.520960236,0.520874307,0.520966086,0.52106657,0.521810386,0.524485974,0.530400756,0.540862154,0.557172266,0.580381637,0.611185638,0.650252814,0.69825171,0.755844037,0.821024061,0.885081744,0.938270441,0.970843505,0.97305429,0.938009229,0.872182438,0.785959765,0.689727548,0.593872124,0.508008339,0.434733108,0.372897228,0.321316352,0.278806132,0.24417712,0.216135892,0.193291949,0.174251072,0.157619042,0.142011764,0.126736788,0.112225282,0.099011359,0.087629131,0.078612457,0.072203882,0.067793563,0.064616576,0.061907999,0.058902909,0.054989876,0.050401128,0.045657231,0.041278998,0.037787242,0.035654414,0.034825074,0.03491884,0.035550577,0.036335146,0.036893832,0.037015615,0.036669087,0.035831647,0.034480698,0.03259455,0.030248589,0.027700056,0.025226182,0.023104199,0.021611327,0.020925073,0.020882187,0.021246692,0.021782613,0.022253973,0.022454546,0.022370525,0.022064658,0.02159989,0.021039166,0.020443738,0.019852429,0.019288178,0.018773587,0.01833126,0.017983123,0.017727858,0.017535569,0.017374607,0.017213324,0.017020071,0.016763199,0.016411058,0.015931999,0.015294375,0.014466534
19,0.613922693,0.603512148,0.595194047,0.588733357,0.583895041,0.580444067,0.578145398,0.576764001,0.576064841,0.575812882,0.575773091,0.575763724,0.576470916,0.579286886,0.58562435,0.596896027,0.614510081,0.639659582,0.673233905,0.716099483,0.769122752,0.833162416,0.906059129,0.978068042,1.038271447,1.075751638,1.079590907,1.042042129,0.970213492,0.875560229,0.769538119,0.66360294,0.568366531,0.486763784,0.41763169,0.359768797,0.311973651,0.273035592,0.241556227,0.215961888,0.194672196,0.176106771,0.158696653,0.14165342,0.125456665,0.110702154,0.097985656,0.087902655,0.080724409,0.075773486,0.072199852,0.069153474,0.065784318,0.061412735,0.056295578,0.051009767,0.046132495,0.042240959,0.039858745,0.0389243,0.039015888,0.039706499,0.040569127,0.04118387,0.041316368,0.040930995,0.040001871,0.038503118,0.036409867,0.033805103,0.030973862,0.028223393,0.025860942,0.024193743,0.023418686,0.023355582,0.02374376,0.024322547,0.024831273,0.025042146,0.024940007,0.024594304,0.024074696,0.023450848,0.022790538,0.022136638,0.021514375,0.020948601,0.020464172,0.02008519,0.01980991,0.019604815,0.019434439,0.019263312,0.019055968,0.018776939,0.018390757,0.017861956,0.017155066,0.016234621
20,0.201837357,0.199597039,0.197290688,0.194901118,0.192411143,0.18980358,0.187061243,0.184166946,0.181103506,0.177853737,0.174400453,0.170731335,0.166913275,0.163077614,0.159357563,0.155886334,0.152796256,0.150178038,0.148063617,0.146480494,0.145456169,0.14501815,0.145197346,0.146033211,0.147566521,0.14983805,0.152888575,0.156883246,0.162569964,0.170867153,0.182693262,0.198966737,0.220405271,0.245900377,0.27336877,0.300718015,0.325855681,0.347260256,0.375050706,0.430214024,0.534153403,0.708272038,0.973522258,1.320045285,1.687928122,2.012671906,2.22977777,2.274772891,2.113227233,1.798615773,1.400406576,0.988067709,0.631067236,0.387144536,0.249572982,0.189593777,0.178429026,0.187300833,0.189232802,0.176911709,0.155128086,0.128849579,0.103043835,0.0825595,0.069137789,0.061191628,0.0569707,0.05472469,0.052709624,0.049857611,0.046367318,0.042576648,0.038823503,0.035445775,0.032692034,0.030505606,0.028764671,0.027347409,0.026131998,0.025007499,0.023933346,0.022896972,0.021885884,0.020887585,0.019890701,0.018898673,0.017925439,0.016985156,0.016091983,0.015259863,0.01449526,0.01379545,0.013157145,0.012577057,0.012051896,0.011578375,0.011153205,0.010773098,0.010434766,0.010134919
21,0.297311869,0.294028883,0.290637931,0.287115363,0.283437531,0.279580787,0.275521481,0.271235965,0.26670059,0.261891708,0.256785668,0.251365755,0.245728128,0.240060781,0.234554375,0.22939957,0.224785881,0.220848644,0.217646704,0.215233126,0.213660978,0.212983298,0.213242488,0.214454214,0.216630007,0.2197814,0.223919923,0.229269554,0.237049647,0.248770829,0.265943766,0.290079122,0.322335529,0.360669322,0.401327474,0.440540925,0.47454061,0.500460616,0.533849348,0.607447565,0.754654422,1.008869074,1.402805352,1.922343373,2.477279492,2.97043942,3.304648869,3.382772447,3.152549513,2.693022672,2.107123318,1.497782847,0.967932651,0.603227477,0.394362029,0.299577075,0.27708525,0.285099187,0.284431798,0.264277704,0.231302022,0.192425516,0.154568951,0.12448621,0.104573516,0.092559704,0.085944692,0.082228399,0.078919765,0.074489446,0.069209762,0.063551094,0.057983821,0.052978307,0.048879741,0.045605539,0.042981818,0.040834695,0.038990288,0.037289941,0.035673477,0.034119903,0.032608323,0.031117845,0.029629354,0.028147292,0.02669279,0.025287329,0.023952391,0.022709127,0.021567318,0.020522762,0.019570402,0.01870518,0.017922037,0.017215914,0.016581755,0.0160145,0.015509091,0.01506047
22,0.39251484,0.388214714,0.383753282,0.379102146,0.374232909,0.369117175,0.363726546,0.358032626,0.352007019,0.345621326,0.338847152,0.331664865,0.324197573,0.316684516,0.309368306,0.302491553,0.296295592,0.29096148,0.286585159,0.283256145,0.281063954,0.280098004,0.280409565,0.281954027,0.284671955,0.288503915,0.293390472,0.299596949,0.308910273,0.323562633,0.345786273,0.377813438,0.421325279,0.472989894,0.526799452,0.576721013,0.616721641,0.642052594,0.674148589,0.758890282,0.94309451,1.273578111,1.796225387,2.493193193,3.243109885,3.915118744,4.378363048,4.502037862,4.215076124,3.621203451,2.855946545,2.054832104,1.353386829,0.864601571,0.577600288,0.439173674,0.396075721,0.395060427,0.38615971,0.355183633,0.309965666,0.258661549,0.209427022,0.170218561,0.14378936,0.127319499,0.11771572,0.111884768,0.106744457,0.100393029,0.093140113,0.085538439,0.07814074,0.071499727,0.066018997,0.061592562,0.058005677,0.055043595,0.05249157,0.050152903,0.047947613,0.045842163,0.04380313,0.041797094,0.039793284,0.037796018,0.035834465,0.033938317,0.032137271,0.030460562,0.028921671,0.027514712,0.026232609,0.025068285,0.024014665,0.023064673,0.022211233,0.021447269,0.020765706,0.020159468
23,0.487216377,0.481937473,0.476430189,0.470663317,0.464605646,0.458225967,0.451493069,0.444375744,0.436842781,0.428862971,0.420405103,0.411448321,0.402140343,0.392766041,0.383614269,0.374973878,0.367132439,0.360316829,0.354668239,0.350321385,0.347410984,0.346071559,0.346361291,0.348146489,0.351263797,0.355549858,0.360841314,0.367429286,0.377734284,0.394799932,0.421669932,0.461387985,0.516210905,0.581237498,0.647745681,0.706977527,0.750175104,0.770275623,0.794778447,0.883451579,1.097298772,1.497323783,2.143351343,3.014634052,3.959530958,4.814408901,5.415634723,5.599639069,5.276459261,4.571505321,3.649371324,2.674651345,1.811939457,1.198860768,0.824807135,0.6285096,0.54865529,0.523931333,0.496726148,0.44982735,0.39089046,0.327934897,0.268980079,0.221843611,0.189073214,0.167572167,0.153966913,0.144883893,0.136961433,0.128104638,0.11859178,0.108962019,0.099754512,0.091508399,0.084612739,0.078943722,0.074268072,0.070352514,0.066963774,0.06388645,0.061020735,0.058312811,0.055708981,0.053155546,0.050602733,0.048052742,0.045544581,0.043118038,0.040812902,0.038668346,0.036702355,0.034906878,0.033272262,0.031788854,0.030447002,0.029237054,0.028149357,0.027174258,0.026302107,0.025523249
24,0.58110396,0.574899447,0.568384627,0.561527355,0.554295488,0.546656881,0.538579389,0.530030869,0.520979177,0.511392168,0.501237697,0.490495348,0.479335683,0.46808464,0.457072667,0.446630213,0.43708649,0.428712271,0.421695813,0.416219145,0.412464293,0.410612985,0.410730151,0.412587164,0.415910007,0.420424664,0.425857119,0.432516635,0.443445361,0.462485157,0.493477981,0.540265794,0.605662864,0.683134987,0.761157815,0.828160186,0.872570935,0.884909283,0.898315309,0.985721659,1.22158487,1.680361478,2.435110124,3.46336012,4.587448489,5.615493847,6.35561481,6.616003377,6.289509669,5.516692965,4.483179765,3.374596566,2.376569866,1.645036144,1.172742535,0.896663902,0.753726761,0.680857628,0.618644327,0.547637431,0.472986765,0.400202118,0.33479328,0.282117568,0.243550812,0.216204375,0.196980459,0.182781271,0.170519515,0.158227086,0.146032558,0.134294995,0.12337346,0.113627003,0.105303722,0.098272552,0.092321502,0.087238583,0.082811804,0.078841629,0.075209059,0.071827142,0.068609006,0.065467781,0.062322457,0.059169647,0.056060937,0.053049077,0.050186816,0.047526088,0.045090659,0.04286968,0.040850177,0.039019174,0.037363695,0.035870765,0.034527409,0.033320651,0.032237517,0.031265031
25,0.673784694,0.666724407,0.659257118,0.651351302,0.642975435,0.634097992,0.624687449,0.614712281,0.604140963,0.592941973,0.581083784,0.568547845,0.555526868,0.54238544,0.529493143,0.517219555,0.505933017,0.495943336,0.487477674,0.48075695,0.476002085,0.473433624,0.47312589,0.474785693,0.478063016,0.482607847,0.488070169,0.494782833,0.506278146,0.527024665,0.56149106,0.614146003,0.688234443,0.77586966,0.863222929,0.936409778,0.981545736,0.987147908,0.99069909,1.075398447,1.326195891,1.828041333,2.66433399,3.812501877,5.07781736,6.249780246,7.117890343,7.471725782,7.191219823,6.420684305,5.352531051,4.179171885,3.093018629,2.257003089,1.672021974,1.283594203,1.037190691,0.878282353,0.755210951,0.647653226,0.554574304,0.475221564,0.408842383,0.354663235,0.311364758,0.277042956,0.249765158,0.227598695,0.208616512,0.191490102,0.176012268,0.162099083,0.149666616,0.138630939,0.128899738,0.120352049,0.112860795,0.106298899,0.100539282,0.095453557,0.090904864,0.086752973,0.082857644,0.079078638,0.075284563,0.071461155,0.067677109,0.064002876,0.060508905,0.057264552,0.054301459,0.051604914,0.049157357,0.046941228,0.044938969,0.04313302,0.041505823,0.040039816,0.038717443,0.037521142
26,0.764786973,0.756959356,0.748614205,0.739721689,0.73025198,0.720175248,0.709461662,0.698081393,0.686004611,0.673201486,0.659642189,0.645311081,0.630423635,0.615383351,0.600599189,0.586480107,0.57343365,0.561800543,0.55182717,0.543752787,0.537816653,0.534257642,0.533165385,0.534254409,0.53718124,0.541602407,0.547174436,0.554274685,0.566657849,0.589066922,0.62624502,0.682935262,0.762563217,0.856569302,0.949996346,1.027827155,1.075044538,1.07918299,1.079803311,1.165040184,1.424888466,1.949343017,2.826804234,4.036710167,5.381483965,6.647331019,7.620456721,8.087142592,7.921492478,7.254577838,6.264221796,5.128247474,4.024477994,3.10581818,2.38821097,1.840790634,1.432650868,1.132885368,0.911572377,0.749536367,0.6342167,0.553149536,0.493871034,0.444147422,0.397752622,0.354895253,0.316099528,0.28188966,0.252785515,0.228843319,0.209250734,0.193099937,0.179483105,0.167492439,0.156406348,0.146139588,0.136742726,0.128266333,0.120760975,0.114250033,0.108581028,0.103531517,0.098878875,0.094400477,0.089887027,0.085305672,0.080748523,0.076310341,0.072085883,0.068168432,0.064600457,0.061361968,0.058429138,0.055778143,0.053385155,0.051226351,0.049277904,0.047515988,0.045916778,0.044456448
27,0.853573156,0.845087466,0.835961015,0.826166273,0.815675713,0.804461805,0.792497021,0.779753832,0.76620471,0.751822125,0.73657855,0.720461927,0.703712178,0.686774226,0.670098946,0.654137212,0.639338034,0.626062283,0.614546386,0.605017369,0.597702261,0.592827799,0.590507753,0.590571965,0.592806373,0.596996917,0.602929537,0.611060191,0.624984116,0.649215182,0.688267375,0.74665468,0.827630518,0.922981478,1.018373241,1.099414065,1.151712206,1.163353118,1.172929812,1.266191212,1.530692117,2.053987327,2.922138801,4.119190821,5.463454733,6.758057759,7.806127121,8.410854581,8.449887751,8.018731612,7.252527246,6.286415737,5.255538166,4.280421859,3.401270514,2.630836097,1.981846775,1.467030716,1.09675695,0.855644809,0.712463274,0.635749387,0.594040191,0.556513106,0.509067458,0.455513001,0.400537922,0.348830409,0.305057614,0.271644248,0.246814068,0.228329011,0.213951017,0.201442088,0.189067198,0.176810152,0.165021605,0.154052211,0.144252625,0.135904445,0.128842633,0.122724448,0.117206695,0.111946177,0.10661947,0.101164909,0.095706224,0.090371068,0.085287094,0.080579964,0.076306767,0.072440306,0.068948207,0.065798096,0.0629576,0.060394346,0.05807596,0.055970069,0.054044299,0.052266277
28,0.939553597,0.930541365,0.920753323,0.910164549,0.898750118,0.886485108,0.873344595,0.859303656,0.844337367,0.828420806,0.811529048,0.793654029,0.775062242,0.756243548,0.737694297,0.719910835,0.703386871,0.688491369,0.675417162,0.664343781,0.655450758,0.648917544,0.644892669,0.643446942,0.644639155,0.648528101,0.655172572,0.665148101,0.681451337,0.70778741,0.747861536,0.805378934,0.88301727,0.974107014,1.066989171,1.149957935,1.211307503,1.241479461,1.274698542,1.386067213,1.652253384,2.149924968,2.95452361,4.057690305,5.314927609,6.569265344,7.663733331,8.441403489,8.79391114,8.754987849,8.384217603,7.741184391,6.8854722,5.879157423,4.79801581,3.722505058,2.733086925,1.910223168,1.326913339,0.974707891,0.795020911,0.728532828,0.715924076,0.699118331,0.652503502,0.58523915,0.50819025,0.432221776,0.368153015,0.321933214,0.290388157,0.269340675,0.254613597,0.242029872,0.228378645,0.213750874,0.198942222,0.184748357,0.171964941,0.161257695,0.152451902,0.145038461,0.138507414,0.132348806,0.126081256,0.119601771,0.113075345,0.106672646,0.100564342,0.094918433,0.089811084,0.085205572,0.081058246,0.077325454,0.073963544,0.070928864,0.068177761,0.065666584,0.063351681,0.061189399
29,1.022113767,1.01272939,1.002422627,0.991171416,0.978953692,0.96574739,0.951530447,0.936280798,0.91997638,0.902595127,0.884114977,0.864532194,0.844141569,0.823480758,0.803094471,0.783527417,0.76532059,0.748839474,0.734201745,0.721506361,0.710852283,0.702338712,0.696159872,0.692748815,0.692575517,0.696109954,0.703822105,0.716446598,0.735958053,0.764693941,0.80499178,0.859189086,0.928999776,1.010465124,1.096598389,1.180384422,1.254808077,1.314427456,1.385877654,1.525742156,1.791751346,2.241635606,2.932326916,3.86619587,4.956975302,6.110277232,7.231713677,8.226905319,9.011466205,9.530250909,9.73343391,9.571189688,8.993692721,7.977791992,6.646951232,5.174741846,3.734778671,2.500676545,1.631639482,1.129579032,0.899584635,0.845328923,0.870484523,0.880766295,0.835216787,0.749996545,0.644067525,0.536391688,0.445852955,0.383017183,0.342867279,0.318673095,0.30370448,0.291231482,0.276099816,0.258539776,0.239930893,0.221652696,0.205084715,0.191397158,0.180406431,0.171390298,0.163625149,0.156387368,0.148993094,0.141284776,0.133477622,0.125794729,0.118459197,0.111690628,0.105588222,0.100103191,0.095177658,0.090753746,0.086773578,0.083179278,0.07991297,0.076916776,0.074132819,0.071503224
30,1.100636973,1.091055868,1.080394145,1.068633064,1.055753884,1.041737865,1.026566267,1.01022035,0.992681373,0.973930596,0.953949278,0.932738478,0.910621663,0.888184607,0.8660207,0.84472333,0.824880903,0.806846322,0.790639983,0.776257165,0.763693149,0.752943866,0.744258694,0.738524027,0.736724752,0.739845756,0.748871926,0.764725491,0.788035096,0.819343478,0.859193363,0.908127475,0.966599681,1.034255517,1.110309043,1.193970268,1.284449203,1.381769218,1.502537287,1.678843506,1.943370912,2.328802544,2.867576667,3.57540435,4.440822478,5.449878288,6.58861902,7.843058422,9.160574427,10.3754968,11.30158778,11.75260959,11.54232447,10.54088352,8.928375786,6.990815989,5.014310675,3.284966388,2.066193969,1.373683273,1.070638357,1.018031929,1.076836699,1.110980554,1.061558495,0.952317347,0.811057685,0.66558008,0.54357143,0.460601658,0.409540914,0.380763929,0.364645431,0.351560435,0.334146388,0.312772228,0.289457033,0.266219881,0.245079848,0.227759001,0.214058462,0.203015068,0.193663699,0.185039232,0.176228764,0.167010743,0.15765327,0.148434809,0.139633825,0.131524397,0.124229598,0.117686892,0.111822344,0.10656202,0.101831985,0.097558306,0.093667049,0.090084278,0.08673606,0.08354846
31,1.174541973,1.164957888,1.154122049,1.142020148,1.128637874,1.113960918,1.097974972,1.080665725,1.062018868,1.042020093,1.02065509,0.99793062,0.974196588,0.950082075,0.926224263,0.903260338,0.881821246,0.862243309,0.844446856,0.828320797,0.813754042,0.800636577,0.789278545,0.781046105,0.777468696,0.780075757,0.790396724,0.809545941,0.836692885,0.870437912,0.909381308,0.952123359,0.997754279,1.049820954,1.114249206,1.196987177,1.303983008,1.441174068,1.614278056,1.828807581,2.0902674,2.404162266,2.776346532,3.236565174,3.85337472,4.698887532,5.845215973,7.364394674,9.238783845,11.18835687,12.88534953,14.00199759,14.21053683,13.26966248,11.41328887,9.037743194,6.539493413,4.315007505,2.730190026,1.81734941,1.403447449,1.312441066,1.368287186,1.398663064,1.328393033,1.186353321,1.006523489,0.822883098,0.669272004,0.564638539,0.500033465,0.46344072,0.442844241,0.426228319,0.404392331,0.377755736,0.348791221,0.319971472,0.293769173,0.272293986,0.255307694,0.241637931,0.230109937,0.219548952,0.208842964,0.19771076,0.186459539,0.175408954,0.16487866,0.155183227,0.146462107,0.138639507,0.13162642,0.125333837,0.119672749,0.114554146,0.109889021,0.105588364,0.101563167,0.09772442
32,1.243310021,1.233931164,1.223113898,1.210850582,1.197133579,1.181955249,1.165307954,1.147184054,1.127575912,1.106475888,1.083876343,1.059791494,1.034591473,1.008935974,0.983493101,0.958930956,0.935910499,0.91475527,0.895312394,0.877393012,0.860808268,0.845370731,0.831450511,0.820819029,0.815464373,0.817374629,0.828537886,0.850227562,0.880368591,0.915906057,0.953784919,0.990950137,1.025323484,1.063712377,1.117667328,1.198783347,1.318655442,1.488167238,1.703697919,1.948084738,2.203646347,2.452701398,2.678412205,2.921595225,3.316729024,4.006873303,5.135087763,6.844319889,9.148062621,11.68102565,14.00900434,15.69779407,16.31319023,15.52821992,13.60530291,11.00829227,8.201215644,5.648100713,3.778270008,2.642243601,2.057367952,1.837577456,1.796806508,1.752840723,1.624030661,1.436439564,1.221413555,1.010298761,0.834308586,0.71050976,0.629466817,0.578830866,0.546253016,0.519384732,0.488724068,0.454496826,0.419005009,0.384550619,0.353435661,0.327609487,0.306740687,0.289590396,0.274917429,0.261480598,0.248104041,0.234476822,0.220900587,0.207689948,0.195159516,0.183618781,0.173200745,0.163821489,0.15538377,0.147790348,0.140943981,0.134747428,0.129103448,0.123914799,0.119084241,0.114514532
33,1.306519926,1.297559263,1.286956681,1.274714448,1.260834831,1.245320096,1.228172509,1.209394338,1.188987849,1.166955308,1.143298983,1.118043011,1.091567705,1.064543152,1.037647855,1.011560314,0.986951644,0.964144025,0.942966962,0.92321275,0.904673683,0.887143667,0.871045569,0.858383075,0.851404291,0.852357327,0.863490291,0.886166004,0.917599409,0.953791667,0.990743791,1.024456793,1.052170628,1.082395392,1.1296571,1.208538205,1.333621161,1.518382795,1.753757314,2.009632213,2.25508899,2.45920914,2.592170717,2.699088392,2.946815205,3.513357622,4.576722109,6.314790356,8.761496156,11.52958261,14.15516307,16.17435089,17.1232594,16.64660358,14.98602036,12.58715326,9.895822642,7.35784885,5.387436514,4.053708322,3.213370174,2.720019642,2.427254298,2.191503141,1.943130756,1.691692352,1.450627123,1.233374266,1.053304726,0.916514578,0.815471257,0.741143979,0.684501962,0.636514667,0.590110045,0.544908863,0.501960339,0.462313691,0.427018138,0.396913839,0.371488856,0.349693291,0.330475866,0.312785304,0.29562415,0.278707548,0.26225534,0.246498053,0.23166621,0.217986313,0.20554621,0.194263328,0.184044628,0.174797074,0.166427628,0.15884325,0.151950905,0.145657552,0.139870156,0.134495677
34,1.363867587,1.355525776,1.345325895,1.333283167,1.319412814,1.303730058,1.286250122,1.266988227,1.245959597,1.223179453,1.198663018,1.172446579,1.144909477,1.116710151,1.088515145,1.060991001,1.03479738,1.010268801,0.98728071,0.965673877,0.945289072,0.925968666,0.908179147,0.893955649,0.885575847,0.885317419,0.895458039,0.917370271,0.948185905,0.983795767,1.020090534,1.052960876,1.079535983,1.108211265,1.153395967,1.22955575,1.351156276,1.531522583,1.760723545,2.007115131,2.238221798,2.421568002,2.525746959,2.592388808,2.781775905,3.265061287,4.213397991,5.79782703,8.06015623,10.66405787,13.20440775,15.27608168,16.47395546,16.48056133,15.46022962,13.74195201,11.65486293,9.528096792,7.670542236,6.170107662,4.978676056,4.046139926,3.322391774,2.757832778,2.316146742,1.975244176,1.713733354,1.510222549,1.343379511,1.19821156,1.071602486,0.961741676,0.866818519,0.785022411,0.714622802,0.654162712,0.602243546,0.55746671,0.51843361,0.483826404,0.452849516,0.424915164,0.399436098,0.375825069,0.353521911,0.332325049,0.312286881,0.293465181,0.27591772,0.259700613,0.244812835,0.231183123,0.218735904,0.207395604,0.19708665,0.187733468,0.179260484,0.171592125,0.164652817,0.158366986
35,1.415188121,1.407636144,1.398007393,1.386331591,1.372638465,1.356957738,1.339319135,1.319752382,1.298287201,1.274953319,1.24978046,1.222817995,1.194435229,1.165261762,1.135934749,1.107091346,1.079362893,1.053105998,1.028289366,1.004852405,0.982734521,0.961876565,0.942782874,0.927374036,0.91778962,0.916169192,0.924652321,0.944562812,0.973402326,1.007554068,1.043401102,1.077326494,1.106762196,1.138681446,1.185150554,1.258283607,1.370194696,1.532082685,1.736485917,1.958520515,2.172635403,2.353279506,2.475742455,2.57276623,2.770427087,3.20335238,4.006169468,5.313424413,7.165881755,9.329901839,11.52192101,13.45837561,14.85570199,15.48113233,15.38109503,14.69743778,13.57209096,12.14698495,10.56105896,8.92060367,7.311812851,5.820586182,4.532823342,3.531724585,2.830001445,2.364866689,2.069830167,1.878401731,1.724315324,1.565191598,1.403400228,1.246230219,1.100970573,0.974910008,0.87303428,0.792459164,0.72862074,0.676955086,0.632898281,0.592341166,0.554115778,0.518224367,0.484672184,0.453464476,0.424599058,0.397975285,0.373422784,0.350769703,0.329844192,0.310475879,0.292545357,0.275995854,0.260774448,0.246828215,0.234104232,0.222549575,0.212111321,0.202736547,0.19437233,0.186965745
36,1.460458393,1.453826981,1.444909572,1.433750005,1.420392119,1.404879753,1.387256747,1.367566939,1.345854167,1.322162272,1.296535092,1.269034381,1.240013642,1.210063737,1.179782421,1.149767448,1.120612103,1.09269859,1.066111071,1.040911202,1.017160638,0.994922259,0.974737614,0.958351325,0.947694032,0.944696376,0.951288994,0.968720803,0.995046584,1.027386436,1.06286034,1.098588279,1.13247361,1.169545737,1.218637891,1.288618993,1.388357961,1.526140658,1.698365022,1.890329937,2.086909243,2.272976775,2.433942024,2.591819816,2.828092218,3.229689568,3.883542205,4.876536147,6.244427826,7.873368806,9.622292137,11.35013087,12.91581806,14.18756503,15.08458067,15.54350296,15.50098501,14.89367992,13.67358166,11.9601278,9.975826632,7.9446947,6.090748537,4.632163573,3.634589347,3.00030861,2.623591612,2.398708606,2.220292668,2.021651004,1.80854241,1.594690391,1.393818456,1.219649599,1.081818535,0.975988964,0.894842734,0.831061698,0.777327706,0.727090696,0.678768239,0.632754381,0.589448229,0.549248893,0.512522711,0.479202141,0.448912344,0.421271978,0.395899698,0.372418377,0.350596008,0.330378972,0.311724596,0.294590214,0.278933155,0.26471075,0.251880329,0.240399224,0.230224766,0.221314284
37,1.499796622,1.49417287,1.486073862,1.475555551,1.462673894,1.447484846,1.43004436,1.410408393,1.3886329,1.364773835,1.338887153,1.311044943,1.28158203,1.251046998,1.219994635,1.188979729,1.158553983,1.1291233,1.100887724,1.074031749,1.048739872,1.025197604,1.003987285,0.986688627,0.975035556,0.970762,0.975601883,0.990730889,1.014709129,1.045331332,1.080392132,1.11768616,1.155546907,1.197209619,1.248526067,1.315372565,1.40362543,1.518885318,1.661132464,1.825099645,2.005318686,2.19632141,2.392898063,2.607499001,2.881264331,3.257962658,3.781362586,4.495220685,5.429407488,6.573163082,7.908335407,9.416772407,11.08032202,12.85608704,14.56516003,15.98215013,16.88162618,17.03815705,16.25501286,14.64873486,12.52869977,10.20710613,7.996152453,6.20047124,4.92712706,4.071574257,3.51888853,3.154145575,2.862803646,2.571098364,2.281657116,2.005505148,1.753667708,1.53716958,1.363330817,1.226811174,1.119568305,1.033559866,0.960743512,0.893889976,0.831028595,0.772280953,0.717773995,0.667634663,0.621965231,0.580541325,0.542907225,0.508602316,0.477165981,0.448142463,0.421243412,0.396386244,0.373501007,0.352517754,0.333366533,0.315977395,0.30028039,0.286205569,0.273682982,0.262642679
38,1.533452082,1.528879536,1.521670286,1.511889328,1.49960166,1.484872282,1.467766191,1.448348385,1.426683862,1.40283762,1.376874658,1.34887445,1.319152236,1.288215065,1.256575558,1.224746335,1.193238183,1.162475444,1.132760395,1.104386094,1.077645602,1.052832834,1.030576732,1.012348272,0.999748629,0.994378975,0.997840483,1.011254752,1.033496406,1.062782546,1.097330191,1.135356359,1.17545329,1.219626442,1.271703226,1.335528146,1.414945706,1.513725943,1.6341206,1.776963879,1.943035695,2.133115963,2.3480579,2.593723888,2.884113955,3.233973688,3.65804867,4.171092718,4.797354368,5.588863662,6.602705097,7.895963171,9.52572238,11.50691938,13.62282785,15.57754733,17.07510876,17.81954305,17.54703744,16.34476135,14.51593296,12.36693189,10.20413778,8.327191658,6.859772416,5.737090175,4.885111407,4.229802581,3.697338745,3.236127377,2.836225896,2.492270358,2.198896823,1.95074134,1.742386559,1.568232628,1.422640749,1.299972122,1.194587946,1.101296093,1.017793286,0.94292564,0.875542212,0.814492063,0.758658411,0.707376773,0.660303006,0.617099743,0.577429623,0.540957568,0.507427306,0.47667943,0.448560476,0.422916984,0.399595493,0.378442541,0.359304666,0.342028407,0.326460303,0.312446892
39,1.561781512,1.558264473,1.551981104,1.543002057,1.531397983,1.517239531,1.500597353,1.481542098,1.460144418,1.436474962,1.410604382,1.38261633,1.352806207,1.32164169,1.289595455,1.257140179,1.224747795,1.192855099,1.161849272,1.132113751,1.10403197,1.077988126,1.054663367,1.035485198,1.021996522,1.015740245,1.01825927,1.030644141,1.051865935,1.080275518,1.114223676,1.152061198,1.192442614,1.236785477,1.287982219,1.348939108,1.422562415,1.511763498,1.619557493,1.749056427,1.903376039,2.085632065,2.298931678,2.545796816,2.827798664,3.146421304,3.503148816,3.899480614,4.354604092,4.939461565,5.734411434,6.819812101,8.276021965,10.14165115,12.22584292,14.25931703,15.9727252,17.0967192,17.3873056,16.87723593,15.76961339,14.27003395,12.58409356,10.91396763,9.37251198,7.976914352,6.739670369,5.673275647,4.790091706,4.088186418,3.53885013,3.110429496,2.771271168,2.489722539,2.240048482,2.016735864,1.818587553,1.644406415,1.492995319,1.362957967,1.251609952,1.155754371,1.072193003,0.997727629,0.929290204,0.865536176,0.806341652,0.751608583,0.701238916,0.65513232,0.613109968,0.574896552,0.540210837,0.508771591,0.480297578,0.454507566,0.431120321,0.409854608,0.390429195,0.372562847
40,0.201837357,0.199597039,0.197290688,0.194901118,0.192411143,0.18980358,0.187061243,0.184166946,0.181103506,0.177853737,0.174400453,0.170731335,0.166913275,0.163077614,0.159357563,0.155886334,0.152796256,0.150178038,0.148063617,0.146480494,0.145456169,0.14501815,0.145197346,0.146033211,0.147566521,0.14983805,0.152888575,0.156883246,0.162569964,0.170867153,0.182693262,0.198966737,0.220405271,0.245900377,0.27336877,0.300718015,0.325855681,0.347260256,0.375050706,0.430214024,0.534153403,0.708272038,0.973522258,1.320045285,1.687928122,2.012671906,2.22977777,2.274772891,2.113227233,1.798615773,1.400406576,0.988067709,0.631067236,0.387144536,0.249572982,0.189593777,0.178429026,0.187300833,0.189232802,0.176911709,0.155128086,0.128849579,0.103043835,0.0825595,0.069137789,0.061191628,0.0569707,0.05472469,0.052709624,0.049857611,0.046367318,0.042576648,0.038823503,0.035445775,0.032692034,0.030505606,0.028764671,0.027347409,0.026131998,0.025007499,0.023933346,0.022896972,0.021885884,0.020887585,0.019890701,0.018898673,0.017925439,0.016985156,0.016091983,0.015259863,0.01449526,0.01379545,0.013157145,0.012577057,0.012051896,0.011578375,0.011153205,0.010773098,0.010434766,0.010134919
41,0.198856909,0.196632836,0.194356081,0.192008669,0.189572625,0.187029975,0.184362744,0.181552959,0.178582644,0.175433825,0.172088528,0.168533782,0.164838103,0.161136305,0.157565126,0.154261301,0.151360567,0.148951239,0.147054683,0.14568721,0.144865128,0.14460476,0.144927038,0.145864481,0.147451402,0.149722113,0.152710925,0.156572553,0.162025838,0.1699547,0.181243078,0.196774913,0.217241851,0.241586327,0.26781706,0.293934007,0.317937128,0.338379071,0.365081294,0.418386273,0.519039396,0.68778605,0.944934418,1.280914952,1.637620204,1.952495779,2.162987282,2.206565575,2.049838467,1.744668296,1.35842827,0.958491598,0.612231488,0.375645961,0.242210031,0.184030584,0.173195987,0.181794606,0.183662092,0.171705547,0.150571586,0.125078613,0.100045031,0.080173828,0.067154266,0.059447671,0.055357054,0.053185425,0.051241935,0.048490414,0.045121154,0.041459273,0.037829891,0.034558115,0.031883496,0.029753209,0.028052025,0.026664716,0.025476055,0.024380851,0.023338843,0.0223356,0.021356759,0.020387955,0.019416078,0.018444589,0.017488691,0.016563836,0.015685475,0.014868818,0.01412082,0.01343829,0.012817412,0.012254369,0.011745346,0.011286527,0.010874096,0.010504238,0.010173137,0.009876976
42,0.190275041,0.188097747,0.185906214,0.183680195,0.181399442,0.179043707,0.176592742,0.1740263,0.171324132,0.168465991,0.165431629,0.162206204,0.158862906,0.155546549,0.152404025,0.149582225,0.147226685,0.145418837,0.144149604,0.143403072,0.143163327,0.143414477,0.144148728,0.145378638,0.147119912,0.149388257,0.152199378,0.155677937,0.160459101,0.167327419,0.177067462,0.1904638,0.208133073,0.22916435,0.251831293,0.274399912,0.295136219,0.312806427,0.33637535,0.384329635,0.475520572,0.628799455,0.862619697,1.168244534,1.492765366,1.779226661,1.970672881,2.010171487,1.867318639,1.589333307,1.237556846,0.873330612,0.557995961,0.342536915,0.221009062,0.168011889,0.158128018,0.16594007,0.16762186,0.156714893,0.137451435,0.114220191,0.091409868,0.073304088,0.061442514,0.054425821,0.050710537,0.048753188,0.047015867,0.044553727,0.041532952,0.038241863,0.034968782,0.032002023,0.029555178,0.027586509,0.025999776,0.024698743,0.023587172,0.022576436,0.021627129,0.020719426,0.019833554,0.018949741,0.018049848,0.017137408,0.016231294,0.015350708,0.01451485,0.013742616,0.013042385,0.012409609,0.011838947,0.011325059,0.010862603,0.010446239,0.010070626,0.009730423,0.009420288,0.009134882
43,0.177126899,0.175021252,0.172960274,0.170920232,0.168877394,0.16680803,0.164688406,0.162494791,0.160203454,0.157790662,0.155232684,0.152511809,0.14970839,0.146982561,0.144496771,0.142413472,0.140893214,0.140006884,0.139698762,0.139903565,0.140556012,0.141590857,0.142956291,0.144634292,0.146612057,0.148876784,0.151415674,0.154307346,0.158058765,0.163302244,0.170670108,0.180794683,0.194177698,0.210132874,0.227339787,0.244472062,0.260203325,0.273626985,0.292395395,0.332151891,0.408845831,0.538426572,0.736505845,0.995622796,1.270833968,1.513761825,1.676028829,1.709276975,1.587680866,1.351345375,1.052370472,0.742856122,0.474902293,0.291811071,0.188527542,0.143470099,0.13504281,0.141649742,0.143047003,0.133748068,0.117350379,0.097584302,0.078180205,0.062779202,0.052691757,0.046732033,0.043591756,0.041962657,0.040541141,0.03852228,0.036035333,0.033312258,0.030585012,0.028085546,0.025987692,0.024266681,0.022855355,0.021686556,0.020693127,0.019811802,0.019004496,0.018243139,0.017499689,0.016746103,0.015956562,0.015134693,0.01430498,0.013492348,0.01272172,0.012017615,0.011390584,0.01083401,0.010340221,0.009901545,0.009510311,0.009158845,0.008839477,0.008544535,0.008266346,0.007997239
44,0.160998282,0.15898053,0.157079705,0.155267801,0.153516812,0.151798733,0.15008556,0.148349286,0.146561908,0.144695418,0.142721813,0.140619863,0.138478707,0.13647727,0.134797089,0.133619697,0.133124066,0.133368144,0.134238997,0.135610785,0.137357668,0.139353857,0.141493558,0.143721228,0.145989093,0.148249382,0.150454321,0.152626051,0.155114283,0.158364583,0.16282253,0.168933703,0.177058871,0.186787327,0.197296557,0.207760183,0.217351828,0.225566249,0.238445846,0.268146163,0.327056852,0.427567565,0.58180424,0.783871153,0.998595468,1.188122039,1.314595717,1.340176639,1.244655652,1.059410963,0.825206378,0.582805701,0.372972738,0.229586352,0.148682747,0.113364861,0.106724422,0.111853158,0.112901476,0.10557514,0.09269287,0.077177471,0.061951746,0.049868661,0.041957529,0.03729439,0.034859484,0.033633052,0.032598926,0.031123811,0.029291679,0.027265355,0.02520766,0.023281415,0.021611682,0.020194501,0.018998375,0.017991806,0.017143298,0.016420687,0.015787514,0.015205608,0.014636793,0.014042894,0.01338868,0.0126779,0.011941906,0.011212639,0.010522036,0.00990151,0.009364273,0.008901171,0.00850168,0.008155271,0.007851419,0.007579596,0.007329277,0.007089934,0.006851041,0.006602072
45,0.143834573,0.14191037,0.140179983,0.13861086,0.137170449,0.135826199,0.134545556,0.133295968,0.132044884,0.13075975,0.129408015,0.127964707,0.126528312,0.125297758,0.124474887,0.124261544,0.124856302,0.126303342,0.12842884,0.131042513,0.133954072,0.136973303,0.139936955,0.142749563,0.14532614,0.1475817,0.149431257,0.150836847,0.151980832,0.153110045,0.154471327,0.15631152,0.158841384,0.161943476,0.165325158,0.168692149,0.171750168,0.17442109,0.181034027,0.200032861,0.240019055,0.309594071,0.417174311,0.558529631,0.708884921,0.841582782,0.929965815,0.947387383,0.879615047,0.748740243,0.583463028,0.412483457,0.264501589,0.163368254,0.10628082,0.081327457,0.076588437,0.080144032,0.080821002,0.075593916,0.066452765,0.055460934,0.044681805,0.036129586,0.03053439,0.02725097,0.02556662,0.024768635,0.024146746,0.023250318,0.022115108,0.020830343,0.019485251,0.018169058,0.01695491,0.015861009,0.014893829,0.014059846,0.013365533,0.012811846,0.012364042,0.011973176,0.011590268,0.011166335,0.010656108,0.010063469,0.009427109,0.008786457,0.008180943,0.007649336,0.007207689,0.006844135,0.006545092,0.00629698,0.006086216,0.005899218,0.005722405,0.005542196,0.005345008,0.00511726
46,0.12770597,0.125869652,0.124299413,0.122958426,0.121809864,0.120816902,0.119942712,0.119150469,0.118403346,0.117664517,0.116897156,0.116072772,0.115298636,0.114792469,0.114775201,0.11546776,0.117087142,0.119664587,0.122969061,0.126749718,0.130755715,0.134736293,0.138474214,0.141836495,0.144703175,0.146954298,0.148469904,0.149155551,0.149036345,0.148172375,0.146623736,0.144450521,0.141722534,0.138597903,0.135281904,0.131980255,0.128898675,0.126360392,0.127084559,0.13602726,0.158230246,0.198735265,0.26247292,0.346778195,0.436646609,0.51594316,0.568532847,0.578287182,0.536589978,0.456805993,0.356299114,0.252433226,0.162572216,0.101143684,0.066436122,0.051222253,0.048270017,0.050347356,0.050675335,0.047420815,0.041795064,0.035053901,0.028453143,0.023218847,0.019799975,0.017813154,0.016834193,0.016438897,0.016204423,0.015851767,0.015371397,0.014783403,0.014107874,0.013364901,0.012578859,0.011788766,0.011036765,0.010364998,0.009815609,0.009420661,0.009147032,0.008935664,0.008727435,0.008463218,0.008088325,0.007606756,0.007064085,0.006506763,0.005981242,0.005533193,0.005181335,0.004911261,0.004706533,0.00455071,0.004427352,0.004320019,0.004212272,0.00408767,0.003929774,0.003722144
47,0.114557814,0.112793159,0.111353483,0.110198478,0.109287832,0.108581238,0.108038385,0.107618964,0.107282666,0.106989181,0.1066982,0.106378365,0.106144109,0.106228473,0.106867943,0.108299005,0.110753672,0.114252636,0.11851822,0.123250212,0.1281484,0.132912672,0.137281779,0.141092151,0.144195322,0.146442827,0.1476862,0.147784955,0.146636001,0.144147186,0.140226364,0.134781386,0.127767141,0.119566411,0.110790383,0.102052387,0.093965752,0.0871809,0.083104528,0.083849419,0.0915554,0.108362296,0.136359037,0.174156515,0.214715375,0.250478592,0.273889147,0.277393063,0.256952586,0.218818391,0.171112994,0.121958907,0.079478644,0.050417884,0.033954616,0.026680462,0.025184806,0.026057028,0.026100482,0.024453999,0.021694021,0.01841803,0.015223504,0.012693994,0.01104926,0.010119418,0.009715474,0.009648433,0.009729766,0.009820388,0.009873842,0.009853857,0.009724161,0.009448483,0.00901144,0.008469017,0.007892436,0.007352915,0.006921674,0.006656137,0.006524501,0.006459463,0.006393628,0.006259603,0.005995014,0.005603964,0.005137642,0.004648229,0.00418791,0.003807984,0.003529345,0.003335513,0.00320771,0.003127162,0.003075091,0.003032723,0.00298128,0.002901988,0.002776069,0.002584749
48,0.10597596,0.104258068,0.102903606,0.101869989,0.101114634,0.100594957,0.100268374,0.100092302,0.100024157,0.100021355,0.100041312,0.100050799,0.100168923,0.100638725,0.101706847,0.10361993,0.106619789,0.110720232,0.115613138,0.120966072,0.126446598,0.131722389,0.136503469,0.140606308,0.143863833,0.146108972,0.147174653,0.146890338,0.145069262,0.141519905,0.13605075,0.12847028,0.11865838,0.107144463,0.094804658,0.082518345,0.071164903,0.061608316,0.054398634,0.049792808,0.048036563,0.049375625,0.054044152,0.061485825,0.069860152,0.077208989,0.08157419,0.080998398,0.074432217,0.06348294,0.050241209,0.036797665,0.02524295,0.017308729,0.012753567,0.0106617,0.010116777,0.010202446,0.010060232,0.00946337,0.008573942,0.007559724,0.006588488,0.005824409,0.005337649,0.005097677,0.005069024,0.00521622,0.005503681,0.005883652,0.006285568,0.006636362,0.006862964,0.00689231,0.006683056,0.00630227,0.005840155,0.005386917,0.005032758,0.00485166,0.004812684,0.004843145,0.004870253,0.004821216,0.004628647,0.004296713,0.003880258,0.003435202,0.003017461,0.002682006,0.002451146,0.002307052,0.002229428,0.002197977,0.002192405,0.002192414,0.002177711,0.002127998,0.00202298,0.001842362
49,0.102995512,0.101293862,0.099968995,0.098977536,0.098276113,0.097821351,0.097569878,0.097478319,0.097503302,0.097601453,0.097729398,0.097853258,0.098093763,0.098697428,0.09991442,0.101994909,0.105184112,0.109493447,0.114604221,0.120172807,0.125855578,0.131309021,0.136233181,0.140437596,0.143748729,0.145993047,0.146997014,0.146579655,0.144525146,0.140607461,0.134600574,0.126278458,0.115494952,0.102830393,0.089252914,0.075734289,0.063246292,0.052727069,0.044429164,0.037965013,0.032922538,0.028889663,0.0254564,0.022355658,0.019552478,0.017033174,0.014784055,0.012791437,0.011043759,0.009535693,0.008263041,0.007221604,0.006407186,0.005810109,0.005390572,0.005098482,0.004883735,0.004696228,0.004489521,0.004257175,0.004017371,0.003788648,0.00358955,0.003438605,0.003354019,0.003353655,0.003455357,0.00367697,0.004036024,0.004516479,0.005039403,0.005518952,0.00586928,0.006004547,0.005874398,0.005549749,0.005127396,0.004704135,0.004376762,0.00422501,0.004218235,0.004281881,0.004341279,0.004321761,0.004154196,0.003842774,0.003443615,0.00301394,0.002610967,0.002290946,0.002076682,0.001949872,0.00188969,0.001875309,0.001885903,0.001900646,0.001898711,0.001859271,0.001761501,0.001584573
50,0.137487816,0.135467846,0.133788679,0.132397775,0.131242595,0.130270598,0.129429244,0.128665993,0.127928305,0.127163639,0.126319455,0.12535366,0.124394286,0.123707771,0.123564575,0.124235156,0.125987678,0.128981832,0.133224159,0.138709632,0.145433224,0.153390749,0.162906279,0.175128925,0.191335364,0.212802272,0.240806327,0.275710637,0.31359793,0.349298379,0.377642003,0.39345882,0.392200737,0.374976728,0.345915467,0.309173956,0.268909199,0.229188852,0.192258865,0.158664372,0.128885373,0.103401865,0.082686773,0.066729551,0.05473423,0.045832882,0.039157579,0.033840564,0.029210809,0.025172913,0.021736205,0.018910012,0.016703662,0.015107694,0.01400939,0.013260738,0.012713696,0.012220222,0.011646206,0.011009608,0.010421992,0.009996293,0.009845446,0.010077046,0.010659271,0.01141097,0.012143669,0.012668892,0.012799128,0.012449538,0.011727623,0.010762032,0.00968141,0.008614402,0.007664778,0.006851311,0.006174629,0.005635362,0.005234138,0.004968441,0.004815395,0.004744025,0.004723336,0.004722332,0.004711498,0.004680911,0.004634528,0.004576597,0.004511368,0.004442976,0.004371669,0.004292916,0.004201888,0.004093762,0.00396371,0.003806907,0.003618526,0.003393742,0.003127729,0.00281566
51,0.180690061,0.178545874,0.176484667,0.174486876,0.17253294,0.170603296,0.168678383,0.166738639,0.164764502,0.162736408,0.160634797,0.158444161,0.15621502,0.154051612,0.152059735,0.150345187,0.149016762,0.148324759,0.148719272,0.150665489,0.154628595,0.161072803,0.170082633,0.180788292,0.192172434,0.203217711,0.212906776,0.221383848,0.234235504,0.258640895,0.301779369,0.370830276,0.471253816,0.592871812,0.717158439,0.825509557,0.899321024,0.920790131,0.888454506,0.816107787,0.718127851,0.608892576,0.502703613,0.408653241,0.327370853,0.258710492,0.202526198,0.158671586,0.126508498,0.103959854,0.08868678,0.078350404,0.070611853,0.063433998,0.056438229,0.049812758,0.04374629,0.038427528,0.034026503,0.030509442,0.027717122,0.02548848,0.023662457,0.022080424,0.020647311,0.019336116,0.01812318,0.016984839,0.015897656,0.014861932,0.01392244,0.013128841,0.012530797,0.012177968,0.01208803,0.012169371,0.012307051,0.012386133,0.012291677,0.011928569,0.011329895,0.01057975,0.009762361,0.008961953,0.00825837,0.007673418,0.007187803,0.006781359,0.00643392,0.006125561,0.005844606,0.005589524,0.005359406,0.005153342,0.004970423,0.00480974,0.004670383,0.004551444,0.004452012,0.00437118
52,0.201837357,0.199597039,0.197290688,0.194901118,0.192411143,0.18980358,0.187061243,0.184166946,0.181103506,0.177853737,0.174400453,0.170731335,0.166913275,0.163077614,0.159357563,0.155886334,0.152796256,0.150178038,0.148063617,0.146480494,0.145456169,0.14501815,0.145197346,0.146033211,0.147566521,0.14983805,0.152888575,0.156883246,0.162569964,0.170867153,0.182693262,0.198966737,0.220405271,0.245900377,0.27336877,0.300718015,0.325855681,0.347260256,0.375050706,0.430214024,0.534153403,0.708272038,0.973522258,1.320045285,1.687928122,2.012671906,2.22977777,2.274772891,2.113227233,1.798615773,1.400406576,0.988067709,0.631067236,0.387144536,0.249572982,0.189593777,0.178429026,0.187300833,0.189232802,0.176911709,0.155128086,0.128849579,0.103043835,0.0825595,0.069137789,0.061191628,0.0569707,0.05472469,0.052709624,0.049857611,0.046367318,0.042576648,0.038823503,0.035445775,0.032692034,0.030505606,0.028764671,0.027347409,0.026131998,0.025007499,0.023933346,0.022896972,0.021885884,0.020887585,0.019890701,0.018898673,0.017925439,0.016985156,0.016091983,0.015259863,0.01449526,0.01379545,0.013157145,0.012577057,0.012051896,0.011578375,0.011153205,0.010773098,0.010434766,0.010134919
